true_model,data_source,network_size,effective_sample_size,test_bootstrap_iters,ML_model_name,tuning_param_grid,L_lower,L_upper,L_result,Y_lower,Y_upper,Y_result
UBU,../data/binary_sample/,200000,1000,300,LogisticRegression,"{'C': [0.001, 0.01, 0.1, 1, 100, 100000], 'penalty': ['l1', 'l2'], 'solver': ['liblinear']}",-0.0009928062758072786,0.001952845310278088,U,-0.006315094246337576,0.006691653933427607,U
UBU,../data/binary_sample/,200000,1000,300,LogisticRegression,"{'C': [0.001, 0.01, 0.1, 1, 100, 100000], 'penalty': ['l1', 'l2'], 'solver': ['liblinear']}",-0.0020693163146557067,0.0018609669891177323,U,-4.586657747959253e-05,0.0076724293787206865,U
UBU,../data/binary_sample/,200000,1000,300,LogisticRegression,"{'C': [0.001, 0.01, 0.1, 1, 100, 100000], 'penalty': ['l1', 'l2'], 'solver': ['liblinear']}",-0.00029089948752495097,0.0007380177180978807,U,-0.0008611885005727529,0.004601211152712429,U
UBU,../data/binary_sample/,200000,1000,300,LogisticRegression,"{'C': [0.001, 0.01, 0.1, 1, 100, 100000], 'penalty': ['l1', 'l2'], 'solver': ['liblinear']}",-0.0013520601124978923,0.0035012282109169795,U,-0.006926630707813606,0.00843347221344443,U
UBU,../data/binary_sample/,200000,1000,300,LogisticRegression,"{'C': [0.001, 0.01, 0.1, 1, 100, 100000], 'penalty': ['l1', 'l2'], 'solver': ['liblinear']}",-4.9868594937185065e-05,0.0007274760294662764,U,-0.010963197552977201,0.0029563822228832644,U
UBU,../data/binary_sample/,200000,1000,300,LogisticRegression,"{'C': [0.001, 0.01, 0.1, 1, 100, 100000], 'penalty': ['l1', 'l2'], 'solver': ['liblinear']}",-0.002899337466065613,0.00507323169291375,U,-0.008025552426620583,0.010743938775714867,U
UBU,../data/binary_sample/,200000,1000,300,LogisticRegression,"{'C': [0.001, 0.01, 0.1, 1, 100, 100000], 'penalty': ['l1', 'l2'], 'solver': ['liblinear']}",-0.0033693721049515746,0.0010694302825401205,U,-0.010969743167596708,0.0034691903642277908,U
UBU,../data/binary_sample/,200000,1000,300,LogisticRegression,"{'C': [0.001, 0.01, 0.1, 1, 100, 100000], 'penalty': ['l1', 'l2'], 'solver': ['liblinear']}",-9.694440772802095e-05,0.002811030416657447,U,-0.0016104054342819501,0.0040858739459125985,U
UBU,../data/binary_sample/,200000,1000,300,LogisticRegression,"{'C': [0.001, 0.01, 0.1, 1, 100, 100000], 'penalty': ['l1', 'l2'], 'solver': ['liblinear']}",-0.0006726790853488485,0.0010033501428182684,U,-0.007015303382466045,0.001542678759330837,U
UBU,../data/binary_sample/,200000,1000,300,LogisticRegression,"{'C': [0.001, 0.01, 0.1, 1, 100, 100000], 'penalty': ['l1', 'l2'], 'solver': ['liblinear']}",-0.00025508215641779214,0.0,U,-0.0017581301234988673,0.008600000254438672,U
UBU,../data/binary_sample/,200000,1000,300,LogisticRegression,"{'C': [0.001, 0.01, 0.1, 1, 100, 100000], 'penalty': ['l1', 'l2'], 'solver': ['liblinear']}",-0.0013232548240087953,0.00031836788562942576,U,-0.009142091117769023,0.005386569745093376,U
UBU,../data/binary_sample/,200000,1000,300,LogisticRegression,"{'C': [0.001, 0.01, 0.1, 1, 100, 100000], 'penalty': ['l1', 'l2'], 'solver': ['liblinear']}",-0.0015884834670606752,0.0032439709883254337,U,-0.0030576097071266213,0.0031741871103690435,U
UBU,../data/binary_sample/,200000,1000,300,LogisticRegression,"{'C': [0.001, 0.01, 0.1, 1, 100, 100000], 'penalty': ['l1', 'l2'], 'solver': ['liblinear']}",-0.002696454980502061,0.002925197023449069,U,-0.0017597707465433431,0.003622183713431948,U
UBU,../data/binary_sample/,200000,1000,300,LogisticRegression,"{'C': [0.001, 0.01, 0.1, 1, 100, 100000], 'penalty': ['l1', 'l2'], 'solver': ['liblinear']}",-0.0007323974011353193,0.0005177815252076892,U,-0.0016589058048668802,0.0047960478843326795,U
UBU,../data/binary_sample/,200000,1000,300,LogisticRegression,"{'C': [0.001, 0.01, 0.1, 1, 100, 100000], 'penalty': ['l1', 'l2'], 'solver': ['liblinear']}",-0.0012522064570132884,0.006013931622824603,U,-0.002337038856973276,0.0045446869120977906,U
UBU,../data/binary_sample/,200000,1000,300,LogisticRegression,"{'C': [0.001, 0.01, 0.1, 1, 100, 100000], 'penalty': ['l1', 'l2'], 'solver': ['liblinear']}",-0.0028761034101672813,0.00208272159619162,U,-0.0012994925556991457,0.001872813760547808,U
UBU,../data/binary_sample/,200000,1000,300,LogisticRegression,"{'C': [0.001, 0.01, 0.1, 1, 100, 100000], 'penalty': ['l1', 'l2'], 'solver': ['liblinear']}",-0.0013534022650160313,0.0,U,-0.006049908872186226,0.0028708879735594365,U
UBU,../data/binary_sample/,200000,1000,300,LogisticRegression,"{'C': [0.001, 0.01, 0.1, 1, 100, 100000], 'penalty': ['l1', 'l2'], 'solver': ['liblinear']}",-0.0035955141693923068,0.0037695257806345805,U,-0.0033343104114384654,0.0024281715361741847,U
UBU,../data/binary_sample/,200000,1000,300,LogisticRegression,"{'C': [0.001, 0.01, 0.1, 1, 100, 100000], 'penalty': ['l1', 'l2'], 'solver': ['liblinear']}",-0.0017695363890348932,0.004475555236143044,U,-0.009784586369167996,0.0,U
UBU,../data/binary_sample/,200000,1000,300,LogisticRegression,"{'C': [0.001, 0.01, 0.1, 1, 100, 100000], 'penalty': ['l1', 'l2'], 'solver': ['liblinear']}",-0.0019515361403602397,0.0006657801058906759,U,-0.0024291919958488056,0.0034583017573374336,U
UBU,../data/binary_sample/,200000,2000,300,LogisticRegression,"{'C': [0.001, 0.01, 0.1, 1, 100, 100000], 'penalty': ['l1', 'l2'], 'solver': ['liblinear']}",-8.841322010758462e-05,0.0,U,-0.0013494401691375917,0.0036528298715157643,U
UBU,../data/binary_sample/,200000,2000,300,LogisticRegression,"{'C': [0.001, 0.01, 0.1, 1, 100, 100000], 'penalty': ['l1', 'l2'], 'solver': ['liblinear']}",-0.001200903235057922,0.000277050868498562,U,-0.003961836673229809,0.004473013319547496,U
UBU,../data/binary_sample/,200000,2000,300,LogisticRegression,"{'C': [0.001, 0.01, 0.1, 1, 100, 100000], 'penalty': ['l1', 'l2'], 'solver': ['liblinear']}",-0.0008440298357727305,0.0009232094035553989,U,-0.0026848055033854568,0.002224674558838322,U
UBU,../data/binary_sample/,200000,2000,300,LogisticRegression,"{'C': [0.001, 0.01, 0.1, 1, 100, 100000], 'penalty': ['l1', 'l2'], 'solver': ['liblinear']}",-0.0006325488543716471,0.0026532378273892753,U,-0.0017783548694311562,0.0011830948540905056,U
UBU,../data/binary_sample/,200000,2000,300,LogisticRegression,"{'C': [0.001, 0.01, 0.1, 1, 100, 100000], 'penalty': ['l1', 'l2'], 'solver': ['liblinear']}",-2.9324956473526787e-05,0.005119418561426513,U,-0.0033325727302723797,0.004753489581889628,U
UBU,../data/binary_sample/,200000,2000,300,LogisticRegression,"{'C': [0.001, 0.01, 0.1, 1, 100, 100000], 'penalty': ['l1', 'l2'], 'solver': ['liblinear']}",-0.000959997162527354,0.0005723690120146727,U,-0.00147770448699433,0.005197633413097343,U
UBU,../data/binary_sample/,200000,2000,300,LogisticRegression,"{'C': [0.001, 0.01, 0.1, 1, 100, 100000], 'penalty': ['l1', 'l2'], 'solver': ['liblinear']}",-0.0006674193065147737,0.0002121000870834874,U,-0.0037458359387097452,0.0039013140112086134,U
UBU,../data/binary_sample/,200000,2000,300,LogisticRegression,"{'C': [0.001, 0.01, 0.1, 1, 100, 100000], 'penalty': ['l1', 'l2'], 'solver': ['liblinear']}",-0.000682979179074996,0.00031446414029351935,U,-0.006167733798776654,0.0018816937021415958,U
UBU,../data/binary_sample/,200000,2000,300,LogisticRegression,"{'C': [0.001, 0.01, 0.1, 1, 100, 100000], 'penalty': ['l1', 'l2'], 'solver': ['liblinear']}",-0.001731563195778528,0.0017724898290858158,U,-0.0019540330222992766,0.0008628717674591429,U
UBU,../data/binary_sample/,200000,2000,300,LogisticRegression,"{'C': [0.001, 0.01, 0.1, 1, 100, 100000], 'penalty': ['l1', 'l2'], 'solver': ['liblinear']}",0.0,0.0,U,-0.0001293728414867995,0.002324287569508836,U
UBU,../data/binary_sample/,200000,2000,300,LogisticRegression,"{'C': [0.001, 0.01, 0.1, 1, 100, 100000], 'penalty': ['l1', 'l2'], 'solver': ['liblinear']}",-0.0007230974965082252,0.00020046578652608887,U,-0.0017935111802837565,0.0012705434247236493,U
UBU,../data/binary_sample/,200000,2000,300,LogisticRegression,"{'C': [0.001, 0.01, 0.1, 1, 100, 100000], 'penalty': ['l1', 'l2'], 'solver': ['liblinear']}",-0.0005726623396066124,0.002150318963287709,U,-0.00031352496215359543,0.004631108944112908,U
UBU,../data/binary_sample/,200000,2000,300,LogisticRegression,"{'C': [0.001, 0.01, 0.1, 1, 100, 100000], 'penalty': ['l1', 'l2'], 'solver': ['liblinear']}",-0.0009373326761897601,0.0016266024097429952,U,-0.00041892893575439373,0.004159460234477434,U
UBU,../data/binary_sample/,200000,2000,300,LogisticRegression,"{'C': [0.001, 0.01, 0.1, 1, 100, 100000], 'penalty': ['l1', 'l2'], 'solver': ['liblinear']}",-0.000200370370144496,0.001618034554245492,U,-0.0020507527364497596,0.00603084754091642,U
UBU,../data/binary_sample/,200000,2000,300,LogisticRegression,"{'C': [0.001, 0.01, 0.1, 1, 100, 100000], 'penalty': ['l1', 'l2'], 'solver': ['liblinear']}",-0.0006637035239158082,0.0001721457787566576,U,-0.0010541952394878054,0.005167857159068157,U
UBU,../data/binary_sample/,200000,2000,300,LogisticRegression,"{'C': [0.001, 0.01, 0.1, 1, 100, 100000], 'penalty': ['l1', 'l2'], 'solver': ['liblinear']}",-7.947381589293449e-05,0.00427169465558956,U,-0.002839550654317413,0.0021603736528887623,U
UBU,../data/binary_sample/,200000,2000,300,LogisticRegression,"{'C': [0.001, 0.01, 0.1, 1, 100, 100000], 'penalty': ['l1', 'l2'], 'solver': ['liblinear']}",-0.0008323570088211024,0.001775010140123936,U,-0.0015322669748021544,0.0022622962890359254,U
UBU,../data/binary_sample/,200000,2000,300,LogisticRegression,"{'C': [0.001, 0.01, 0.1, 1, 100, 100000], 'penalty': ['l1', 'l2'], 'solver': ['liblinear']}",0.0,0.006910869649530458,U,-0.006048677640102645,0.002950469465105468,U
UBU,../data/binary_sample/,200000,2000,300,LogisticRegression,"{'C': [0.001, 0.01, 0.1, 1, 100, 100000], 'penalty': ['l1', 'l2'], 'solver': ['liblinear']}",0.0,0.0015365618660596824,U,-0.0008717804534298504,0.00432950715350279,U
UBU,../data/binary_sample/,200000,2000,300,LogisticRegression,"{'C': [0.001, 0.01, 0.1, 1, 100, 100000], 'penalty': ['l1', 'l2'], 'solver': ['liblinear']}",-0.000693053876676808,0.0006797681688573939,U,-0.0029280332114357535,0.0021933182836614655,U
UBU,../data/binary_sample/,200000,3000,300,LogisticRegression,"{'C': [0.001, 0.01, 0.1, 1, 100, 100000], 'penalty': ['l1', 'l2'], 'solver': ['liblinear']}",-0.00028844188176281176,0.0003410254235977635,U,-0.0023812809213714175,0.003036715136121614,U
UBU,../data/binary_sample/,200000,3000,300,LogisticRegression,"{'C': [0.001, 0.01, 0.1, 1, 100, 100000], 'penalty': ['l1', 'l2'], 'solver': ['liblinear']}",-0.0007220588423550584,0.0008859841529148202,U,-0.0004857181674058651,0.0017918278313082511,U
UBU,../data/binary_sample/,200000,3000,300,LogisticRegression,"{'C': [0.001, 0.01, 0.1, 1, 100, 100000], 'penalty': ['l1', 'l2'], 'solver': ['liblinear']}",0.0,0.0,U,-0.0005843634084056595,0.0012130374052663347,U
UBU,../data/binary_sample/,200000,3000,300,LogisticRegression,"{'C': [0.001, 0.01, 0.1, 1, 100, 100000], 'penalty': ['l1', 'l2'], 'solver': ['liblinear']}",-0.00013870421727267684,0.0012338311138833033,U,-0.0006714151067390268,0.002451203927040053,U
UBU,../data/binary_sample/,200000,3000,300,LogisticRegression,"{'C': [0.001, 0.01, 0.1, 1, 100, 100000], 'penalty': ['l1', 'l2'], 'solver': ['liblinear']}",-0.0008511812254133659,0.0025549621906603083,U,-0.0006491729966509339,0.0033848377626663883,U
UBU,../data/binary_sample/,200000,3000,300,LogisticRegression,"{'C': [0.001, 0.01, 0.1, 1, 100, 100000], 'penalty': ['l1', 'l2'], 'solver': ['liblinear']}",0.0,0.0032099158890845285,U,-0.001612377571455601,0.0013877076749683756,U
UBU,../data/binary_sample/,200000,3000,300,LogisticRegression,"{'C': [0.001, 0.01, 0.1, 1, 100, 100000], 'penalty': ['l1', 'l2'], 'solver': ['liblinear']}",-0.0007862824788179526,0.0,U,-0.001367580674153586,0.00561033839092715,U
UBU,../data/binary_sample/,200000,3000,300,LogisticRegression,"{'C': [0.001, 0.01, 0.1, 1, 100, 100000], 'penalty': ['l1', 'l2'], 'solver': ['liblinear']}",-0.0004598276528334055,0.0009540953947314243,U,-0.0030836624552761324,0.0007811581852846568,U
UBU,../data/binary_sample/,200000,3000,300,LogisticRegression,"{'C': [0.001, 0.01, 0.1, 1, 100, 100000], 'penalty': ['l1', 'l2'], 'solver': ['liblinear']}",-0.0007099168922499441,0.0005609623938116867,U,-0.0013694904492287572,0.0016715701050101263,U
UBU,../data/binary_sample/,200000,3000,300,LogisticRegression,"{'C': [0.001, 0.01, 0.1, 1, 100, 100000], 'penalty': ['l1', 'l2'], 'solver': ['liblinear']}",-0.00032932765321982,0.0003829874254588844,U,-0.0016121855437224177,0.0002771267008016553,U
UBU,../data/binary_sample/,200000,3000,300,LogisticRegression,"{'C': [0.001, 0.01, 0.1, 1, 100, 100000], 'penalty': ['l1', 'l2'], 'solver': ['liblinear']}",-6.567002497348534e-12,0.004476585496158548,U,-0.005795071808338379,0.0066397095923562246,U
UBU,../data/binary_sample/,200000,3000,300,LogisticRegression,"{'C': [0.001, 0.01, 0.1, 1, 100, 100000], 'penalty': ['l1', 'l2'], 'solver': ['liblinear']}",-2.4320781407635006e-05,0.0003467640380240648,U,-0.0005466467891094417,0.002002466087296172,U
UBU,../data/binary_sample/,200000,3000,300,LogisticRegression,"{'C': [0.001, 0.01, 0.1, 1, 100, 100000], 'penalty': ['l1', 'l2'], 'solver': ['liblinear']}",-0.0007589388244057402,0.0006993251020459917,U,-0.0005856603158261836,0.00348843867101847,U
UBU,../data/binary_sample/,200000,3000,300,LogisticRegression,"{'C': [0.001, 0.01, 0.1, 1, 100, 100000], 'penalty': ['l1', 'l2'], 'solver': ['liblinear']}",0.0,0.0010223349928054116,U,-0.0015666852480430613,0.0015926769217732859,U
UBU,../data/binary_sample/,200000,3000,300,LogisticRegression,"{'C': [0.001, 0.01, 0.1, 1, 100, 100000], 'penalty': ['l1', 'l2'], 'solver': ['liblinear']}",-4.689631509074282e-05,0.0004813890332009595,U,-0.0007134960930645446,0.002272725227206588,U
UBU,../data/binary_sample/,200000,3000,300,LogisticRegression,"{'C': [0.001, 0.01, 0.1, 1, 100, 100000], 'penalty': ['l1', 'l2'], 'solver': ['liblinear']}",-3.612153822808786e-05,0.0,U,-0.000563319102128832,0.001815997255131006,U
UBU,../data/binary_sample/,200000,3000,300,LogisticRegression,"{'C': [0.001, 0.01, 0.1, 1, 100, 100000], 'penalty': ['l1', 'l2'], 'solver': ['liblinear']}",-0.0007157093705892396,0.0,U,-0.0018986128422835444,0.005936101227574558,U
UBU,../data/binary_sample/,200000,3000,300,LogisticRegression,"{'C': [0.001, 0.01, 0.1, 1, 100, 100000], 'penalty': ['l1', 'l2'], 'solver': ['liblinear']}",-0.0002852454323982151,0.00023174774085432296,U,0.0004383340528762214,0.0032536884601248946,U
UBU,../data/binary_sample/,200000,3000,300,LogisticRegression,"{'C': [0.001, 0.01, 0.1, 1, 100, 100000], 'penalty': ['l1', 'l2'], 'solver': ['liblinear']}",-0.00018774735767784973,0.00014300803074730886,U,-0.0009865187533790619,0.0023616124038054,U
UBU,../data/binary_sample/,200000,3000,300,LogisticRegression,"{'C': [0.001, 0.01, 0.1, 1, 100, 100000], 'penalty': ['l1', 'l2'], 'solver': ['liblinear']}",-0.0010547403071941518,0.0006431597588142684,U,-0.0008788984467039407,0.0016916383230714867,U
UBU,../data/binary_sample/,200000,4000,300,LogisticRegression,"{'C': [0.001, 0.01, 0.1, 1, 100, 100000], 'penalty': ['l1', 'l2'], 'solver': ['liblinear']}",-0.0001682312621457696,6.526794752704926e-05,U,-9.136081703949026e-05,0.0014507993308669098,U
UBU,../data/binary_sample/,200000,4000,300,LogisticRegression,"{'C': [0.001, 0.01, 0.1, 1, 100, 100000], 'penalty': ['l1', 'l2'], 'solver': ['liblinear']}",-0.00033902692393758955,0.0002650257111259266,U,-0.0012057592767515965,0.002498201017030984,U
UBU,../data/binary_sample/,200000,4000,300,LogisticRegression,"{'C': [0.001, 0.01, 0.1, 1, 100, 100000], 'penalty': ['l1', 'l2'], 'solver': ['liblinear']}",-0.000486624215215091,0.0005025227324327835,U,-0.0003684355179879251,0.0011867695955158685,U
UBU,../data/binary_sample/,200000,4000,300,LogisticRegression,"{'C': [0.001, 0.01, 0.1, 1, 100, 100000], 'penalty': ['l1', 'l2'], 'solver': ['liblinear']}",-0.0006349486720310715,0.0009409968474572332,U,-0.00012810177627450498,0.0021537821788623714,U
UBU,../data/binary_sample/,200000,4000,300,LogisticRegression,"{'C': [0.001, 0.01, 0.1, 1, 100, 100000], 'penalty': ['l1', 'l2'], 'solver': ['liblinear']}",-0.0013634212643945888,0.00017539093534530364,U,-0.0018971069933591302,0.0012821875757061355,U
UBU,../data/binary_sample/,200000,4000,300,LogisticRegression,"{'C': [0.001, 0.01, 0.1, 1, 100, 100000], 'penalty': ['l1', 'l2'], 'solver': ['liblinear']}",-0.00017784645169324209,0.00021364198870845867,U,-0.0014315616984088334,0.0010802502892697068,U
UBU,../data/binary_sample/,200000,4000,300,LogisticRegression,"{'C': [0.001, 0.01, 0.1, 1, 100, 100000], 'penalty': ['l1', 'l2'], 'solver': ['liblinear']}",0.0,0.0010160316493736706,U,-0.00015592634758711948,0.0015441824015359996,U
UBU,../data/binary_sample/,200000,4000,300,LogisticRegression,"{'C': [0.001, 0.01, 0.1, 1, 100, 100000], 'penalty': ['l1', 'l2'], 'solver': ['liblinear']}",-0.00013752754673314883,0.0001546683835564842,U,-0.002566646159296405,0.004108601221999148,U
UBU,../data/binary_sample/,200000,4000,300,LogisticRegression,"{'C': [0.001, 0.01, 0.1, 1, 100, 100000], 'penalty': ['l1', 'l2'], 'solver': ['liblinear']}",-5.6268016677289694e-05,0.00021909451386760602,U,-0.002189446614064571,0.0013401804456076448,U
UBU,../data/binary_sample/,200000,4000,300,LogisticRegression,"{'C': [0.001, 0.01, 0.1, 1, 100, 100000], 'penalty': ['l1', 'l2'], 'solver': ['liblinear']}",-0.0006081770962803393,0.00013365164830334418,U,-0.0014820174127132448,0.001332043164490605,U
UBU,../data/binary_sample/,200000,4000,300,LogisticRegression,"{'C': [0.001, 0.01, 0.1, 1, 100, 100000], 'penalty': ['l1', 'l2'], 'solver': ['liblinear']}",-8.480770250682001e-05,5.851986340023065e-06,U,-0.00036431572910627653,0.0008947329313908564,U
UBU,../data/binary_sample/,200000,4000,300,LogisticRegression,"{'C': [0.001, 0.01, 0.1, 1, 100, 100000], 'penalty': ['l1', 'l2'], 'solver': ['liblinear']}",-6.223435440530083e-05,0.00024083116852841578,U,-0.0004140110744599551,0.0011367263492115746,U
UBU,../data/binary_sample/,200000,4000,300,LogisticRegression,"{'C': [0.001, 0.01, 0.1, 1, 100, 100000], 'penalty': ['l1', 'l2'], 'solver': ['liblinear']}",0.0,0.0,U,-0.0002495015043041053,0.0020532563784550323,U
UBU,../data/binary_sample/,200000,4000,300,LogisticRegression,"{'C': [0.001, 0.01, 0.1, 1, 100, 100000], 'penalty': ['l1', 'l2'], 'solver': ['liblinear']}",-0.0003252728744381206,0.0011841148691134095,U,-0.0006764058665528704,0.001541205449582115,U
UBU,../data/binary_sample/,200000,4000,300,LogisticRegression,"{'C': [0.001, 0.01, 0.1, 1, 100, 100000], 'penalty': ['l1', 'l2'], 'solver': ['liblinear']}",-0.0027500531841484393,0.0023290644621602494,U,-0.0018618635040459782,0.0018149658943145213,U
UBU,../data/binary_sample/,200000,4000,300,LogisticRegression,"{'C': [0.001, 0.01, 0.1, 1, 100, 100000], 'penalty': ['l1', 'l2'], 'solver': ['liblinear']}",-0.0004682265087764148,0.0004687121926688803,U,-0.0006183279467636152,0.0014221102143713664,U
UBU,../data/binary_sample/,200000,4000,300,LogisticRegression,"{'C': [0.001, 0.01, 0.1, 1, 100, 100000], 'penalty': ['l1', 'l2'], 'solver': ['liblinear']}",-0.0002267604815315051,0.00019095148017293003,U,-0.0004903232583438776,0.002471853836822204,U
UBU,../data/binary_sample/,200000,4000,300,LogisticRegression,"{'C': [0.001, 0.01, 0.1, 1, 100, 100000], 'penalty': ['l1', 'l2'], 'solver': ['liblinear']}",-0.00029741132557313185,0.0009622988561454464,U,-0.00019258921837405003,0.0013770859176204732,U
UBU,../data/binary_sample/,200000,4000,300,LogisticRegression,"{'C': [0.001, 0.01, 0.1, 1, 100, 100000], 'penalty': ['l1', 'l2'], 'solver': ['liblinear']}",-0.0006453158542499754,7.393811192612003e-05,U,-0.0024803707884520666,0.0008542102435940678,U
UBU,../data/binary_sample/,200000,4000,300,LogisticRegression,"{'C': [0.001, 0.01, 0.1, 1, 100, 100000], 'penalty': ['l1', 'l2'], 'solver': ['liblinear']}",-0.00014553321765037457,0.0010173428675525854,U,-0.0026631987251764765,0.002079006103993421,U
UBU,../data/binary_sample/,200000,5000,300,LogisticRegression,"{'C': [0.001, 0.01, 0.1, 1, 100, 100000], 'penalty': ['l1', 'l2'], 'solver': ['liblinear']}",-0.0003361458839751495,0.00017522073474650606,U,-0.0004641118037152114,0.0019252208988302022,U
UBU,../data/binary_sample/,200000,5000,300,LogisticRegression,"{'C': [0.001, 0.01, 0.1, 1, 100, 100000], 'penalty': ['l1', 'l2'], 'solver': ['liblinear']}",-0.00032681500701605,0.00036332886987380054,U,-0.00031164465211512766,0.0023934184504282134,U
UBU,../data/binary_sample/,200000,5000,300,LogisticRegression,"{'C': [0.001, 0.01, 0.1, 1, 100, 100000], 'penalty': ['l1', 'l2'], 'solver': ['liblinear']}",-7.225589815521016e-05,0.0009587403508267434,U,-0.00013538567260825278,0.0021114601428351846,U
UBU,../data/binary_sample/,200000,5000,300,LogisticRegression,"{'C': [0.001, 0.01, 0.1, 1, 100, 100000], 'penalty': ['l1', 'l2'], 'solver': ['liblinear']}",-0.0003658177869965633,0.0002959885389587822,U,-0.0003560187812607377,0.0022525144867939235,U
UBU,../data/binary_sample/,200000,5000,300,LogisticRegression,"{'C': [0.001, 0.01, 0.1, 1, 100, 100000], 'penalty': ['l1', 'l2'], 'solver': ['liblinear']}",-0.0003117758396456484,0.0009629650631388221,U,0.0004667885415407053,0.003745623470830219,U
UBU,../data/binary_sample/,200000,5000,300,LogisticRegression,"{'C': [0.001, 0.01, 0.1, 1, 100, 100000], 'penalty': ['l1', 'l2'], 'solver': ['liblinear']}",-0.0003653621577225832,0.00021644946701710867,U,-0.0016134705292053374,0.0008036471270103843,U
UBU,../data/binary_sample/,200000,5000,300,LogisticRegression,"{'C': [0.001, 0.01, 0.1, 1, 100, 100000], 'penalty': ['l1', 'l2'], 'solver': ['liblinear']}",-0.0008952477105259232,0.0012587218098436797,U,-0.0008521826422471755,0.0016451288619148288,U
UBU,../data/binary_sample/,200000,5000,300,LogisticRegression,"{'C': [0.001, 0.01, 0.1, 1, 100, 100000], 'penalty': ['l1', 'l2'], 'solver': ['liblinear']}",-7.781084908435043e-05,0.0008911921723368652,U,1.4746514597656358e-05,0.0017520051527506657,U
UBU,../data/binary_sample/,200000,5000,300,LogisticRegression,"{'C': [0.001, 0.01, 0.1, 1, 100, 100000], 'penalty': ['l1', 'l2'], 'solver': ['liblinear']}",-0.0008352212919720492,0.0009426521304776128,U,-0.0008498519307842068,0.0012730350470782775,U
UBU,../data/binary_sample/,200000,5000,300,LogisticRegression,"{'C': [0.001, 0.01, 0.1, 1, 100, 100000], 'penalty': ['l1', 'l2'], 'solver': ['liblinear']}",-0.0007952044499245275,0.00048687090738938843,U,-0.00023951447833583107,0.0033203504316423257,U
UBU,../data/binary_sample/,200000,5000,300,LogisticRegression,"{'C': [0.001, 0.01, 0.1, 1, 100, 100000], 'penalty': ['l1', 'l2'], 'solver': ['liblinear']}",-0.0003048352197749703,0.0004940886825028011,U,-0.0014742415393941028,0.0007720361743820815,U
UBU,../data/binary_sample/,200000,5000,300,LogisticRegression,"{'C': [0.001, 0.01, 0.1, 1, 100, 100000], 'penalty': ['l1', 'l2'], 'solver': ['liblinear']}",-0.0003007294567186389,0.0,U,-0.0001324747391806512,0.001675046837564249,U
UBU,../data/binary_sample/,200000,5000,300,LogisticRegression,"{'C': [0.001, 0.01, 0.1, 1, 100, 100000], 'penalty': ['l1', 'l2'], 'solver': ['liblinear']}",-6.167988187908147e-05,0.0010475842591233981,U,-9.198264186733793e-05,0.0012619686844020904,U
UBU,../data/binary_sample/,200000,5000,300,LogisticRegression,"{'C': [0.001, 0.01, 0.1, 1, 100, 100000], 'penalty': ['l1', 'l2'], 'solver': ['liblinear']}",-0.00013827572963085176,0.000723831427865302,U,-0.0007990323706394603,0.001041945149211975,U
UBU,../data/binary_sample/,200000,5000,300,LogisticRegression,"{'C': [0.001, 0.01, 0.1, 1, 100, 100000], 'penalty': ['l1', 'l2'], 'solver': ['liblinear']}",-1.7240901450517318e-05,0.00029510094033931424,U,-0.002822104003221586,0.001958893808742537,U
UBU,../data/binary_sample/,200000,5000,300,LogisticRegression,"{'C': [0.001, 0.01, 0.1, 1, 100, 100000], 'penalty': ['l1', 'l2'], 'solver': ['liblinear']}",-0.00011704761449456772,0.0,U,-0.0001410834710204027,0.0016640214214237296,U
UBU,../data/binary_sample/,200000,5000,300,LogisticRegression,"{'C': [0.001, 0.01, 0.1, 1, 100, 100000], 'penalty': ['l1', 'l2'], 'solver': ['liblinear']}",-0.0001646852136723609,0.0005770248013381744,U,-0.0005780141154863756,0.0006035496283151721,U
UBU,../data/binary_sample/,200000,5000,300,LogisticRegression,"{'C': [0.001, 0.01, 0.1, 1, 100, 100000], 'penalty': ['l1', 'l2'], 'solver': ['liblinear']}",-0.00047079838382837677,0.0011406468786453819,U,-0.001161675348916879,0.0008869561125358521,U
UBU,../data/binary_sample/,200000,5000,300,LogisticRegression,"{'C': [0.001, 0.01, 0.1, 1, 100, 100000], 'penalty': ['l1', 'l2'], 'solver': ['liblinear']}",-0.0002074184841091467,0.00022111892934754477,U,0.0002100718305613286,0.002991619065794708,U
UBU,../data/binary_sample/,200000,5000,300,LogisticRegression,"{'C': [0.001, 0.01, 0.1, 1, 100, 100000], 'penalty': ['l1', 'l2'], 'solver': ['liblinear']}",-0.0003183933375244433,0.0003499809222382584,U,-0.0012140570188767374,0.0011151037100995203,U
UBU,../data/binary_sample/,200000,6000,300,LogisticRegression,"{'C': [0.001, 0.01, 0.1, 1, 100, 100000], 'penalty': ['l1', 'l2'], 'solver': ['liblinear']}",-0.00010979036221130944,0.0002115539683182301,U,-0.0005643015924966056,0.0021303103275050294,U
UBU,../data/binary_sample/,200000,6000,300,LogisticRegression,"{'C': [0.001, 0.01, 0.1, 1, 100, 100000], 'penalty': ['l1', 'l2'], 'solver': ['liblinear']}",-0.00039668054781651085,0.00018058147785747313,U,0.00014840488413813414,0.002132951289921695,U
UBU,../data/binary_sample/,200000,6000,300,LogisticRegression,"{'C': [0.001, 0.01, 0.1, 1, 100, 100000], 'penalty': ['l1', 'l2'], 'solver': ['liblinear']}",-0.00038734097477064605,0.0005346699498788006,U,-0.00036121796950197777,0.001316479525058287,U
UBU,../data/binary_sample/,200000,6000,300,LogisticRegression,"{'C': [0.001, 0.01, 0.1, 1, 100, 100000], 'penalty': ['l1', 'l2'], 'solver': ['liblinear']}",-4.501235697313699e-05,0.0007886446648944211,U,-0.00025186806915159367,0.0008715732021089984,U
UBU,../data/binary_sample/,200000,6000,300,LogisticRegression,"{'C': [0.001, 0.01, 0.1, 1, 100, 100000], 'penalty': ['l1', 'l2'], 'solver': ['liblinear']}",-0.00011484708040566393,0.00011392462156690819,U,-9.110820171774127e-05,0.001198307578147444,U
UBU,../data/binary_sample/,200000,6000,300,LogisticRegression,"{'C': [0.001, 0.01, 0.1, 1, 100, 100000], 'penalty': ['l1', 'l2'], 'solver': ['liblinear']}",-4.2194735021072737e-05,0.0009923786385899651,U,-0.00040585147158212555,0.0022902578790248377,U
UBU,../data/binary_sample/,200000,6000,300,LogisticRegression,"{'C': [0.001, 0.01, 0.1, 1, 100, 100000], 'penalty': ['l1', 'l2'], 'solver': ['liblinear']}",-0.0002499049620718688,0.0006606910562374751,U,-0.000319896494002226,0.0017761518356404367,U
UBU,../data/binary_sample/,200000,6000,300,LogisticRegression,"{'C': [0.001, 0.01, 0.1, 1, 100, 100000], 'penalty': ['l1', 'l2'], 'solver': ['liblinear']}",-0.00018512390527479077,0.0,U,-0.00041502584882538717,0.0025225085571102504,U
UBU,../data/binary_sample/,200000,6000,300,LogisticRegression,"{'C': [0.001, 0.01, 0.1, 1, 100, 100000], 'penalty': ['l1', 'l2'], 'solver': ['liblinear']}",-0.00041012412901011427,0.0006198882095921138,U,0.00010273681141227259,0.0031781332953341505,U
UBU,../data/binary_sample/,200000,6000,300,LogisticRegression,"{'C': [0.001, 0.01, 0.1, 1, 100, 100000], 'penalty': ['l1', 'l2'], 'solver': ['liblinear']}",-0.00010302459126490526,0.001400973944210337,U,-0.00023249667749546398,0.0018640555874900105,U
UBU,../data/binary_sample/,200000,6000,300,LogisticRegression,"{'C': [0.001, 0.01, 0.1, 1, 100, 100000], 'penalty': ['l1', 'l2'], 'solver': ['liblinear']}",-7.116465209192066e-07,0.00032442899839820735,U,0.0002033455680156532,0.0016621064349586425,U
UBU,../data/binary_sample/,200000,6000,300,LogisticRegression,"{'C': [0.001, 0.01, 0.1, 1, 100, 100000], 'penalty': ['l1', 'l2'], 'solver': ['liblinear']}",-0.00021588832106121528,0.000267399002117024,U,-0.00019102400898531255,0.0013112254599962597,U
UBU,../data/binary_sample/,200000,6000,300,LogisticRegression,"{'C': [0.001, 0.01, 0.1, 1, 100, 100000], 'penalty': ['l1', 'l2'], 'solver': ['liblinear']}",-0.00040728706217451824,0.0011885047380010832,U,-0.00014785502628848063,0.0019081090173542602,U
UBU,../data/binary_sample/,200000,6000,300,LogisticRegression,"{'C': [0.001, 0.01, 0.1, 1, 100, 100000], 'penalty': ['l1', 'l2'], 'solver': ['liblinear']}",-1.3160756842132276e-05,0.0005124435279786224,U,-0.00021031399679813102,0.0018745313969963835,U
UBU,../data/binary_sample/,200000,6000,300,LogisticRegression,"{'C': [0.001, 0.01, 0.1, 1, 100, 100000], 'penalty': ['l1', 'l2'], 'solver': ['liblinear']}",0.0,0.0004938295315672981,U,-0.0007887983262136966,0.0014357505704468523,U
UBU,../data/binary_sample/,200000,6000,300,LogisticRegression,"{'C': [0.001, 0.01, 0.1, 1, 100, 100000], 'penalty': ['l1', 'l2'], 'solver': ['liblinear']}",-0.00015736659955278566,0.0005458805012367923,U,-0.00024854026678797626,0.0016480892303376196,U
UBU,../data/binary_sample/,200000,6000,300,LogisticRegression,"{'C': [0.001, 0.01, 0.1, 1, 100, 100000], 'penalty': ['l1', 'l2'], 'solver': ['liblinear']}",-6.534204595693427e-05,0.00012015911985076279,U,-0.0012807823962100611,0.0005379209935792688,U
UBU,../data/binary_sample/,200000,6000,300,LogisticRegression,"{'C': [0.001, 0.01, 0.1, 1, 100, 100000], 'penalty': ['l1', 'l2'], 'solver': ['liblinear']}",-0.00021060726507172165,0.00024301341276115648,U,-0.00045073518886286216,0.001268394980041573,U
UBU,../data/binary_sample/,200000,6000,300,LogisticRegression,"{'C': [0.001, 0.01, 0.1, 1, 100, 100000], 'penalty': ['l1', 'l2'], 'solver': ['liblinear']}",-0.0004621650843894022,0.00041782061832069104,U,-0.0002925325459424671,0.0010502624217244977,U
UBU,../data/binary_sample/,200000,6000,300,LogisticRegression,"{'C': [0.001, 0.01, 0.1, 1, 100, 100000], 'penalty': ['l1', 'l2'], 'solver': ['liblinear']}",-0.0003901490518154568,0.00022453360293041053,U,-0.0004974430930262321,0.0006490994070431111,U
UBU,../data/binary_sample/,200000,7000,300,LogisticRegression,"{'C': [0.001, 0.01, 0.1, 1, 100, 100000], 'penalty': ['l1', 'l2'], 'solver': ['liblinear']}",-0.0005762235124834355,0.0005153329548147331,U,-0.0007162194017476704,0.0018174311633731123,U
UBU,../data/binary_sample/,200000,7000,300,LogisticRegression,"{'C': [0.001, 0.01, 0.1, 1, 100, 100000], 'penalty': ['l1', 'l2'], 'solver': ['liblinear']}",-6.349470487384823e-05,0.0001376854773642929,U,-0.00011730583026426029,0.0018091308245690703,U
UBU,../data/binary_sample/,200000,7000,300,LogisticRegression,"{'C': [0.001, 0.01, 0.1, 1, 100, 100000], 'penalty': ['l1', 'l2'], 'solver': ['liblinear']}",-5.223774349296245e-05,0.00047816803139015724,U,-0.00033667104701733396,0.001639412505261466,U
UBU,../data/binary_sample/,200000,7000,300,LogisticRegression,"{'C': [0.001, 0.01, 0.1, 1, 100, 100000], 'penalty': ['l1', 'l2'], 'solver': ['liblinear']}",0.0,0.0,U,-0.00034582224465454356,0.0008217183172416188,U
UBU,../data/binary_sample/,200000,7000,300,LogisticRegression,"{'C': [0.001, 0.01, 0.1, 1, 100, 100000], 'penalty': ['l1', 'l2'], 'solver': ['liblinear']}",-0.00020270511602636722,0.0,U,-0.0006020908012029487,0.000783491333981362,U
UBU,../data/binary_sample/,200000,7000,300,LogisticRegression,"{'C': [0.001, 0.01, 0.1, 1, 100, 100000], 'penalty': ['l1', 'l2'], 'solver': ['liblinear']}",-6.444096519209602e-05,0.00034073479349679207,U,-0.0003629245881957878,0.0008329282127872935,U
UBU,../data/binary_sample/,200000,7000,300,LogisticRegression,"{'C': [0.001, 0.01, 0.1, 1, 100, 100000], 'penalty': ['l1', 'l2'], 'solver': ['liblinear']}",-0.00011209193583701649,0.00037554564440817984,U,-0.00013874085689729934,0.0010075578455788626,U
UBU,../data/binary_sample/,200000,7000,300,LogisticRegression,"{'C': [0.001, 0.01, 0.1, 1, 100, 100000], 'penalty': ['l1', 'l2'], 'solver': ['liblinear']}",-0.00010251890983512327,0.0003009551433379733,U,-0.00018384647829423965,0.0009382203736750344,U
UBU,../data/binary_sample/,200000,7000,300,LogisticRegression,"{'C': [0.001, 0.01, 0.1, 1, 100, 100000], 'penalty': ['l1', 'l2'], 'solver': ['liblinear']}",-0.0001124101136846918,6.492878303580793e-05,U,-0.0004344769440240169,0.0005528511799908971,U
UBU,../data/binary_sample/,200000,7000,300,LogisticRegression,"{'C': [0.001, 0.01, 0.1, 1, 100, 100000], 'penalty': ['l1', 'l2'], 'solver': ['liblinear']}",-0.0001350327558953937,0.000305145357301461,U,-4.911314024749618e-05,0.001331559415962471,U
UBU,../data/binary_sample/,200000,7000,300,LogisticRegression,"{'C': [0.001, 0.01, 0.1, 1, 100, 100000], 'penalty': ['l1', 'l2'], 'solver': ['liblinear']}",-0.0001521497528771877,0.001049224997993665,U,-0.00018394601979544178,0.0005693837727125911,U
UBU,../data/binary_sample/,200000,7000,300,LogisticRegression,"{'C': [0.001, 0.01, 0.1, 1, 100, 100000], 'penalty': ['l1', 'l2'], 'solver': ['liblinear']}",-4.384130554425589e-05,0.00022907552592944065,U,-0.0006764376242730796,0.000539120872621487,U
UBU,../data/binary_sample/,200000,7000,300,LogisticRegression,"{'C': [0.001, 0.01, 0.1, 1, 100, 100000], 'penalty': ['l1', 'l2'], 'solver': ['liblinear']}",-0.00022317245610102427,0.00022688020661500087,U,-0.0003758778927138995,0.0006649982980814281,U
UBU,../data/binary_sample/,200000,7000,300,LogisticRegression,"{'C': [0.001, 0.01, 0.1, 1, 100, 100000], 'penalty': ['l1', 'l2'], 'solver': ['liblinear']}",-0.00013414402468708841,0.0,U,-0.00021965330588937583,0.0018391636195159995,U
UBU,../data/binary_sample/,200000,7000,300,LogisticRegression,"{'C': [0.001, 0.01, 0.1, 1, 100, 100000], 'penalty': ['l1', 'l2'], 'solver': ['liblinear']}",-3.9080984858794186e-05,0.00029655910106775595,U,-0.0003662146385774563,0.0005691862606132267,U
UBU,../data/binary_sample/,200000,7000,300,LogisticRegression,"{'C': [0.001, 0.01, 0.1, 1, 100, 100000], 'penalty': ['l1', 'l2'], 'solver': ['liblinear']}",-0.00038703914872750546,0.0011056605637767827,U,-9.027557455368318e-06,0.0014658778728691181,U
UBU,../data/binary_sample/,200000,7000,300,LogisticRegression,"{'C': [0.001, 0.01, 0.1, 1, 100, 100000], 'penalty': ['l1', 'l2'], 'solver': ['liblinear']}",-2.3052178459213867e-05,0.0009227919707843943,U,4.6209789377958125e-07,0.001714544542486471,U
UBU,../data/binary_sample/,200000,7000,300,LogisticRegression,"{'C': [0.001, 0.01, 0.1, 1, 100, 100000], 'penalty': ['l1', 'l2'], 'solver': ['liblinear']}",-0.00011687062272381641,0.00021620817894120735,U,-0.00016322499002134407,0.0013993423525309537,U
UBU,../data/binary_sample/,200000,7000,300,LogisticRegression,"{'C': [0.001, 0.01, 0.1, 1, 100, 100000], 'penalty': ['l1', 'l2'], 'solver': ['liblinear']}",-7.834185980435116e-05,4.7779708060882697e-05,U,-0.00041576184625372324,0.002776094662839308,U
UBU,../data/binary_sample/,200000,7000,300,LogisticRegression,"{'C': [0.001, 0.01, 0.1, 1, 100, 100000], 'penalty': ['l1', 'l2'], 'solver': ['liblinear']}",0.0,5.9410891522956826e-05,U,-0.00025121782770361477,0.000440827966325806,U
